{"cameraMode":{"drawMode":0,"name":"Shaded","section":"Shading Mode"},"sceneLighting":true,"audioPlay":false,"sceneViewState":{"m_AlwaysRefresh":false,"showFog":true,"showSkybox":true,"showFlares":true,"showImageEffects":true,"showParticleSystems":true,"showVisualEffectGraphs":true,"m_FxEnabled":true},"in2DMode":false,"pivot":{"x":-0.12449699640274048,"y":1.9349135160446168,"z":0.9858778119087219},"rotation":{"x":0.05051504448056221,"y":-0.935006856918335,"z":0.14849287271499635,"w":0.3180679380893707},"size":2.3531243801116945,"orthographic":false}