{"cameraMode":{"drawMode":0,"name":"Shaded","section":"Shading Mode"},"sceneLighting":true,"audioPlay":false,"sceneViewState":{"m_AlwaysRefresh":false,"showFog":true,"showSkybox":true,"showFlares":true,"showImageEffects":true,"showParticleSystems":true,"showVisualEffectGraphs":true,"m_FxEnabled":true},"in2DMode":false,"pivot":{"x":-1.5312068462371827,"y":1.2901532649993897,"z":-11.882396697998047},"rotation":{"x":-0.0015181181952357293,"y":-0.9639193415641785,"z":0.26614728569984438,"w":-0.005497355479747057},"size":9.03598403930664,"orthographic":false}