{"cameraMode":{"drawMode":0,"name":"Shaded","section":"Shading Mode"},"sceneLighting":true,"audioPlay":false,"sceneViewState":{"m_AlwaysRefresh":false,"showFog":true,"showSkybox":true,"showFlares":true,"showImageEffects":true,"showParticleSystems":true,"showVisualEffectGraphs":true,"m_FxEnabled":true},"in2DMode":false,"pivot":{"x":310.7235107421875,"y":256.62799072265627,"z":-57.71849060058594},"rotation":{"x":-0.0005350791034288704,"y":0.9944804310798645,"z":-0.10480577498674393,"w":-0.005073701497167349},"size":195.40367126464845,"orthographic":false}