{"cameraMode":{"drawMode":0,"name":"Shaded","section":"Shading Mode"},"sceneLighting":true,"audioPlay":false,"sceneViewState":{"m_AlwaysRefresh":false,"showFog":true,"showSkybox":true,"showFlares":true,"showImageEffects":true,"showParticleSystems":true,"showVisualEffectGraphs":true,"m_FxEnabled":true},"in2DMode":false,"pivot":{"x":-3.958380699157715,"y":0.5281861424446106,"z":-0.9822859764099121},"rotation":{"x":-0.028140360489487649,"y":-0.965404748916626,"z":0.23103679716587068,"w":-0.11758667230606079},"size":1.161070704460144,"orthographic":false}