{"cameraMode":{"drawMode":0,"name":"Shaded","section":"Shading Mode"},"sceneLighting":true,"audioPlay":false,"sceneViewState":{"m_AlwaysRefresh":false,"showFog":true,"showSkybox":true,"showFlares":true,"showImageEffects":true,"showParticleSystems":true,"showVisualEffectGraphs":true,"m_FxEnabled":true},"in2DMode":false,"pivot":{"x":-0.8170084953308106,"y":4.275252819061279,"z":0.5564919114112854},"rotation":{"x":0.05051504448056221,"y":-0.935006856918335,"z":0.14849287271499635,"w":0.3180679380893707},"size":2.3531243801116945,"orthographic":false}