{"cameraMode":{"drawMode":0,"name":"Shaded","section":"Shading Mode"},"sceneLighting":true,"audioPlay":false,"sceneViewState":{"m_AlwaysRefresh":false,"showFog":true,"showSkybox":true,"showFlares":true,"showImageEffects":true,"showParticleSystems":true,"showVisualEffectGraphs":true,"m_FxEnabled":true},"in2DMode":false,"pivot":{"x":0.933713436126709,"y":5.105661869049072,"z":-11.845824241638184},"rotation":{"x":0.012352189980447293,"y":0.9865947961807251,"z":-0.08993066847324372,"w":0.1358296424150467},"size":11.532974243164063,"orthographic":false}