{"cameraMode":{"drawMode":0,"name":"Shaded","section":"Shading Mode"},"sceneLighting":true,"audioPlay":false,"sceneViewState":{"m_AlwaysRefresh":false,"showFog":true,"showSkybox":true,"showFlares":true,"showImageEffects":true,"showParticleSystems":true,"showVisualEffectGraphs":true,"m_FxEnabled":true},"in2DMode":false,"pivot":{"x":-1.9245558977127076,"y":3.3471760749816896,"z":0.8091510534286499},"rotation":{"x":0.09014283865690232,"y":-0.7075169086456299,"z":0.09177809953689575,"w":0.6948938965797424},"size":2.866948127746582,"orthographic":false}