{"cameraMode":{"drawMode":0,"name":"Shaded","section":"Shading Mode"},"sceneLighting":true,"audioPlay":false,"sceneViewState":{"m_AlwaysRefresh":false,"showFog":true,"showSkybox":true,"showFlares":true,"showImageEffects":true,"showParticleSystems":true,"showVisualEffectGraphs":true,"m_FxEnabled":true},"in2DMode":false,"pivot":{"x":-1.364858627319336,"y":1.1543223857879639,"z":-0.6684327125549316},"rotation":{"x":-0.028140360489487649,"y":-0.965404748916626,"z":0.23103679716587068,"w":-0.11758667230606079},"size":9.683948516845704,"orthographic":false}