{"cameraMode":{"drawMode":0,"name":"Shaded","section":"Shading Mode"},"sceneLighting":true,"audioPlay":false,"sceneViewState":{"m_AlwaysRefresh":false,"showFog":true,"showSkybox":true,"showFlares":true,"showImageEffects":true,"showParticleSystems":true,"showVisualEffectGraphs":true,"m_FxEnabled":true},"in2DMode":false,"pivot":{"x":-0.9315037727355957,"y":0.11252051591873169,"z":-0.9457674026489258},"rotation":{"x":-0.11683108657598496,"y":0.8026256561279297,"z":-0.16730110347270966,"w":-0.5604946613311768},"size":2.109041690826416,"orthographic":false}