{"cameraMode":{"drawMode":0,"name":"Shaded","section":"Shading Mode"},"sceneLighting":true,"audioPlay":false,"sceneViewState":{"m_AlwaysRefresh":false,"showFog":true,"showSkybox":true,"showFlares":true,"showImageEffects":true,"showParticleSystems":true,"showVisualEffectGraphs":true,"m_FxEnabled":true},"in2DMode":false,"pivot":{"x":2.7845582962036135,"y":10.831493377685547,"z":-12.419955253601075},"rotation":{"x":0.012352189980447293,"y":0.9865947961807251,"z":-0.08993066847324372,"w":0.1358296424150467},"size":14.824462890625,"orthographic":false}