{"cameraMode":{"drawMode":0,"name":"Shaded","section":"Shading Mode"},"sceneLighting":true,"audioPlay":false,"sceneViewState":{"m_AlwaysRefresh":false,"showFog":true,"showSkybox":true,"showFlares":true,"showImageEffects":true,"showParticleSystems":true,"showVisualEffectGraphs":true,"m_FxEnabled":true},"in2DMode":false,"pivot":{"x":-1.9621436595916749,"y":-1.1309700012207032,"z":-17.286209106445314},"rotation":{"x":-0.004389732610434294,"y":0.9875869154930115,"z":-0.15471521019935609,"w":-0.027840308845043184},"size":16.142480850219728,"orthographic":false}