{"cameraMode":{"drawMode":0,"name":"Shaded","section":"Shading Mode"},"sceneLighting":true,"audioPlay":false,"sceneViewState":{"m_AlwaysRefresh":false,"showFog":true,"showSkybox":true,"showFlares":true,"showImageEffects":true,"showParticleSystems":true,"showVisualEffectGraphs":true,"m_FxEnabled":true},"in2DMode":false,"pivot":{"x":-3.4839119911193849,"y":6.415471076965332,"z":4.93630313873291},"rotation":{"x":-0.057874731719493869,"y":-0.9411036372184753,"z":0.21183036267757417,"w":-0.25712066888809206},"size":2.8218603134155275,"orthographic":false}