{"cameraMode":{"drawMode":0,"name":"Shaded","section":"Shading Mode"},"sceneLighting":true,"audioPlay":false,"sceneViewState":{"m_AlwaysRefresh":false,"showFog":true,"showSkybox":true,"showFlares":true,"showImageEffects":true,"showParticleSystems":true,"showVisualEffectGraphs":true,"m_FxEnabled":true},"in2DMode":false,"pivot":{"x":129.06655883789063,"y":294.8832702636719,"z":-86.17817687988281},"rotation":{"x":-0.057874731719493869,"y":-0.9411036372184753,"z":0.21183036267757417,"w":-0.25712066888809206},"size":248.59310913085938,"orthographic":false}