{"cameraMode":{"drawMode":0,"name":"Shaded","section":"Shading Mode"},"sceneLighting":true,"audioPlay":false,"sceneViewState":{"m_AlwaysRefresh":false,"showFog":true,"showSkybox":true,"showFlares":true,"showImageEffects":true,"showParticleSystems":true,"showVisualEffectGraphs":true,"m_FxEnabled":true},"in2DMode":false,"pivot":{"x":0.6523094177246094,"y":-0.4758838415145874,"z":-1.4442884922027588},"rotation":{"x":-0.006318739615380764,"y":-0.9730674624443054,"z":0.22886374592781068,"w":-0.026865076273679735},"size":2.1519341468811037,"orthographic":false}